dataset,encoder,metric,measured,std,n_seeds,date,soma_commit,slide2vec_version,source
PAAD,uni2,test/mean_pearson_mean,0.5007,0.0000,1,2026-07-10,e9fb89c,5.3.0,soma reproduce --record
PAAD,virchow2,test/mean_pearson_mean,0.4769,0.0000,1,2026-07-10,e9fb89c,5.3.0,soma reproduce --record
PAAD,h-optimus-1,test/mean_pearson_mean,0.4916,0.0000,1,2026-07-10,e9fb89c,5.3.0,soma reproduce --record
COAD,uni2,test/mean_pearson_mean,0.3105,0.0000,1,2026-07-10,e9fb89c,5.3.0,soma reproduce --record
COAD,virchow2,test/mean_pearson_mean,0.2615,0.0000,1,2026-07-10,e9fb89c,5.3.0,soma reproduce --record
COAD,h-optimus-1,test/mean_pearson_mean,0.3190,0.0000,1,2026-07-10,e9fb89c,5.3.0,soma reproduce --record
LUNG,uni2,test/mean_pearson_mean,0.5593,0.0000,1,2026-07-10,e9fb89c,5.3.0,soma reproduce --record
LUNG,virchow2,test/mean_pearson_mean,0.5520,0.0000,1,2026-07-10,e9fb89c,5.3.0,soma reproduce --record
LUNG,h-optimus-1,test/mean_pearson_mean,0.5768,0.0000,1,2026-07-10,e9fb89c,5.3.0,soma reproduce --record
