dataset,encoder,metric,expected,tolerance,source,kind,label,url
camelyon,rudolfv2-s,test/croma_median,0.32404,,Croma 0.3.0 results/camelyon.csv; producer croma 0.2.0; exported 2026-08-10,external,Croma 0.3.0 PathoROB panel,https://arxiv.org/abs/2607.25497
camelyon,rudolfv2-s,test/croma_f0,0.047108,,Croma 0.3.0 results/camelyon.csv; producer croma 0.2.0; exported 2026-08-10,external,Croma 0.3.0 PathoROB panel,https://arxiv.org/abs/2607.25497
camelyon,rudolfv2-s,test/croma_ltm10,-0.024488,,Croma 0.3.0 results/camelyon.csv; producer croma 0.2.0; exported 2026-08-10,external,Croma 0.3.0 PathoROB panel,https://arxiv.org/abs/2607.25497
camelyon,mascaret,test/croma_median,0.285297,,Croma 0.3.0 results/camelyon.csv; producer croma 0.2.0; exported 2026-08-10,external,Croma 0.3.0 PathoROB panel,https://arxiv.org/abs/2607.25497
camelyon,mascaret,test/croma_f0,0.041029,,Croma 0.3.0 results/camelyon.csv; producer croma 0.2.0; exported 2026-08-10,external,Croma 0.3.0 PathoROB panel,https://arxiv.org/abs/2607.25497
camelyon,mascaret,test/croma_ltm10,-0.016354,,Croma 0.3.0 results/camelyon.csv; producer croma 0.2.0; exported 2026-08-10,external,Croma 0.3.0 PathoROB panel,https://arxiv.org/abs/2607.25497
camelyon,rudolfv2,test/croma_median,0.243253,,Croma 0.3.0 results/camelyon.csv; producer croma 0.2.0; exported 2026-08-10,external,Croma 0.3.0 PathoROB panel,https://arxiv.org/abs/2607.25497
camelyon,rudolfv2,test/croma_f0,0.064902,,Croma 0.3.0 results/camelyon.csv; producer croma 0.2.0; exported 2026-08-10,external,Croma 0.3.0 PathoROB panel,https://arxiv.org/abs/2607.25497
camelyon,rudolfv2,test/croma_ltm10,-0.039725,,Croma 0.3.0 results/camelyon.csv; producer croma 0.2.0; exported 2026-08-10,external,Croma 0.3.0 PathoROB panel,https://arxiv.org/abs/2607.25497
camelyon,rudolfv2-b,test/croma_median,0.235303,,Croma 0.3.0 results/camelyon.csv; producer croma 0.2.0; exported 2026-08-10,external,Croma 0.3.0 PathoROB panel,https://arxiv.org/abs/2607.25497
camelyon,rudolfv2-b,test/croma_f0,0.070882,,Croma 0.3.0 results/camelyon.csv; producer croma 0.2.0; exported 2026-08-10,external,Croma 0.3.0 PathoROB panel,https://arxiv.org/abs/2607.25497
camelyon,rudolfv2-b,test/croma_ltm10,-0.046907,,Croma 0.3.0 results/camelyon.csv; producer croma 0.2.0; exported 2026-08-10,external,Croma 0.3.0 PathoROB panel,https://arxiv.org/abs/2607.25497
camelyon,virchow2,test/croma_median,0.198527,,Croma 0.3.0 results/camelyon.csv; producer croma 0.2.0; exported 2026-08-10,external,Croma 0.3.0 PathoROB panel,https://arxiv.org/abs/2607.25497
camelyon,virchow2,test/croma_f0,0.128676,,Croma 0.3.0 results/camelyon.csv; producer croma 0.2.0; exported 2026-08-10,external,Croma 0.3.0 PathoROB panel,https://arxiv.org/abs/2607.25497
camelyon,virchow2,test/croma_ltm10,-0.105901,,Croma 0.3.0 results/camelyon.csv; producer croma 0.2.0; exported 2026-08-10,external,Croma 0.3.0 PathoROB panel,https://arxiv.org/abs/2607.25497
camelyon,conch,test/croma_median,0.196336,,Croma 0.3.0 results/camelyon.csv; producer croma 0.2.0; exported 2026-08-10,external,Croma 0.3.0 PathoROB panel,https://arxiv.org/abs/2607.25497
camelyon,conch,test/croma_f0,0.224902,,Croma 0.3.0 results/camelyon.csv; producer croma 0.2.0; exported 2026-08-10,external,Croma 0.3.0 PathoROB panel,https://arxiv.org/abs/2607.25497
camelyon,conch,test/croma_ltm10,-0.201849,,Croma 0.3.0 results/camelyon.csv; producer croma 0.2.0; exported 2026-08-10,external,Croma 0.3.0 PathoROB panel,https://arxiv.org/abs/2607.25497
camelyon,genbio-pathfm,test/croma_median,0.191429,,Croma 0.3.0 results/camelyon.csv; producer croma 0.2.0; exported 2026-08-10,external,Croma 0.3.0 PathoROB panel,https://arxiv.org/abs/2607.25497
camelyon,genbio-pathfm,test/croma_f0,0.091863,,Croma 0.3.0 results/camelyon.csv; producer croma 0.2.0; exported 2026-08-10,external,Croma 0.3.0 PathoROB panel,https://arxiv.org/abs/2607.25497
camelyon,genbio-pathfm,test/croma_ltm10,-0.068559,,Croma 0.3.0 results/camelyon.csv; producer croma 0.2.0; exported 2026-08-10,external,Croma 0.3.0 PathoROB panel,https://arxiv.org/abs/2607.25497
camelyon,conchv15,test/croma_median,0.187014,,Croma 0.3.0 results/camelyon.csv; producer croma 0.2.0; exported 2026-08-10,external,Croma 0.3.0 PathoROB panel,https://arxiv.org/abs/2607.25497
camelyon,conchv15,test/croma_f0,0.173725,,Croma 0.3.0 results/camelyon.csv; producer croma 0.2.0; exported 2026-08-10,external,Croma 0.3.0 PathoROB panel,https://arxiv.org/abs/2607.25497
camelyon,conchv15,test/croma_ltm10,-0.144638,,Croma 0.3.0 results/camelyon.csv; producer croma 0.2.0; exported 2026-08-10,external,Croma 0.3.0 PathoROB panel,https://arxiv.org/abs/2607.25497
camelyon,h0-mini,test/croma_median,0.166648,,Croma 0.3.0 results/camelyon.csv; producer croma 0.2.0; exported 2026-08-10,external,Croma 0.3.0 PathoROB panel,https://arxiv.org/abs/2607.25497
camelyon,h0-mini,test/croma_f0,0.180098,,Croma 0.3.0 results/camelyon.csv; producer croma 0.2.0; exported 2026-08-10,external,Croma 0.3.0 PathoROB panel,https://arxiv.org/abs/2607.25497
camelyon,h0-mini,test/croma_ltm10,-0.159871,,Croma 0.3.0 results/camelyon.csv; producer croma 0.2.0; exported 2026-08-10,external,Croma 0.3.0 PathoROB panel,https://arxiv.org/abs/2607.25497
camelyon,virchow,test/croma_median,0.155157,,Croma 0.3.0 results/camelyon.csv; producer croma 0.2.0; exported 2026-08-10,external,Croma 0.3.0 PathoROB panel,https://arxiv.org/abs/2607.25497
camelyon,virchow,test/croma_f0,0.221471,,Croma 0.3.0 results/camelyon.csv; producer croma 0.2.0; exported 2026-08-10,external,Croma 0.3.0 PathoROB panel,https://arxiv.org/abs/2607.25497
camelyon,virchow,test/croma_ltm10,-0.180523,,Croma 0.3.0 results/camelyon.csv; producer croma 0.2.0; exported 2026-08-10,external,Croma 0.3.0 PathoROB panel,https://arxiv.org/abs/2607.25497
camelyon,phaet,test/croma_median,0.111417,,Croma 0.3.0 results/camelyon.csv; producer croma 0.2.0; exported 2026-08-10,external,Croma 0.3.0 PathoROB panel,https://arxiv.org/abs/2607.25497
camelyon,phaet,test/croma_f0,0.21902,,Croma 0.3.0 results/camelyon.csv; producer croma 0.2.0; exported 2026-08-10,external,Croma 0.3.0 PathoROB panel,https://arxiv.org/abs/2607.25497
camelyon,phaet,test/croma_ltm10,-0.176948,,Croma 0.3.0 results/camelyon.csv; producer croma 0.2.0; exported 2026-08-10,external,Croma 0.3.0 PathoROB panel,https://arxiv.org/abs/2607.25497
camelyon,midnight,test/croma_median,0.108118,,Croma 0.3.0 results/camelyon.csv; producer croma 0.2.0; exported 2026-08-10,external,Croma 0.3.0 PathoROB panel,https://arxiv.org/abs/2607.25497
camelyon,midnight,test/croma_f0,0.354363,,Croma 0.3.0 results/camelyon.csv; producer croma 0.2.0; exported 2026-08-10,external,Croma 0.3.0 PathoROB panel,https://arxiv.org/abs/2607.25497
camelyon,midnight,test/croma_ltm10,-0.348786,,Croma 0.3.0 results/camelyon.csv; producer croma 0.2.0; exported 2026-08-10,external,Croma 0.3.0 PathoROB panel,https://arxiv.org/abs/2607.25497
camelyon,h-optimus-1,test/croma_median,0.081823,,Croma 0.3.0 results/camelyon.csv; producer croma 0.2.0; exported 2026-08-10,external,Croma 0.3.0 PathoROB panel,https://arxiv.org/abs/2607.25497
camelyon,h-optimus-1,test/croma_f0,0.219069,,Croma 0.3.0 results/camelyon.csv; producer croma 0.2.0; exported 2026-08-10,external,Croma 0.3.0 PathoROB panel,https://arxiv.org/abs/2607.25497
camelyon,h-optimus-1,test/croma_ltm10,-0.137546,,Croma 0.3.0 results/camelyon.csv; producer croma 0.2.0; exported 2026-08-10,external,Croma 0.3.0 PathoROB panel,https://arxiv.org/abs/2607.25497
camelyon,dinov2-vitb14,test/croma_median,0.049735,,Croma 0.3.0 results/camelyon.csv; producer croma 0.2.0; exported 2026-08-10,external,Croma 0.3.0 PathoROB panel,https://arxiv.org/abs/2607.25497
camelyon,dinov2-vitb14,test/croma_f0,0.34549,,Croma 0.3.0 results/camelyon.csv; producer croma 0.2.0; exported 2026-08-10,external,Croma 0.3.0 PathoROB panel,https://arxiv.org/abs/2607.25497
camelyon,dinov2-vitb14,test/croma_ltm10,-0.184003,,Croma 0.3.0 results/camelyon.csv; producer croma 0.2.0; exported 2026-08-10,external,Croma 0.3.0 PathoROB panel,https://arxiv.org/abs/2607.25497
camelyon,h-optimus-0,test/croma_median,0.045008,,Croma 0.3.0 results/camelyon.csv; producer croma 0.2.0; exported 2026-08-10,external,Croma 0.3.0 PathoROB panel,https://arxiv.org/abs/2607.25497
camelyon,h-optimus-0,test/croma_f0,0.314755,,Croma 0.3.0 results/camelyon.csv; producer croma 0.2.0; exported 2026-08-10,external,Croma 0.3.0 PathoROB panel,https://arxiv.org/abs/2607.25497
camelyon,h-optimus-0,test/croma_ltm10,-0.154388,,Croma 0.3.0 results/camelyon.csv; producer croma 0.2.0; exported 2026-08-10,external,Croma 0.3.0 PathoROB panel,https://arxiv.org/abs/2607.25497
camelyon,uni2,test/croma_median,0.044895,,Croma 0.3.0 results/camelyon.csv; producer croma 0.2.0; exported 2026-08-10,external,Croma 0.3.0 PathoROB panel,https://arxiv.org/abs/2607.25497
camelyon,uni2,test/croma_f0,0.369706,,Croma 0.3.0 results/camelyon.csv; producer croma 0.2.0; exported 2026-08-10,external,Croma 0.3.0 PathoROB panel,https://arxiv.org/abs/2607.25497
camelyon,uni2,test/croma_ltm10,-0.209069,,Croma 0.3.0 results/camelyon.csv; producer croma 0.2.0; exported 2026-08-10,external,Croma 0.3.0 PathoROB panel,https://arxiv.org/abs/2607.25497
camelyon,musk,test/croma_median,0.04226,,Croma 0.3.0 results/camelyon.csv; producer croma 0.2.0; exported 2026-08-10,external,Croma 0.3.0 PathoROB panel,https://arxiv.org/abs/2607.25497
camelyon,musk,test/croma_f0,0.403088,,Croma 0.3.0 results/camelyon.csv; producer croma 0.2.0; exported 2026-08-10,external,Croma 0.3.0 PathoROB panel,https://arxiv.org/abs/2607.25497
camelyon,musk,test/croma_ltm10,-0.220413,,Croma 0.3.0 results/camelyon.csv; producer croma 0.2.0; exported 2026-08-10,external,Croma 0.3.0 PathoROB panel,https://arxiv.org/abs/2607.25497
camelyon,mstar,test/croma_median,0.022487,,Croma 0.3.0 results/camelyon.csv; producer croma 0.2.0; exported 2026-08-10,external,Croma 0.3.0 PathoROB panel,https://arxiv.org/abs/2607.25497
camelyon,mstar,test/croma_f0,0.418235,,Croma 0.3.0 results/camelyon.csv; producer croma 0.2.0; exported 2026-08-10,external,Croma 0.3.0 PathoROB panel,https://arxiv.org/abs/2607.25497
camelyon,mstar,test/croma_ltm10,-0.17654,,Croma 0.3.0 results/camelyon.csv; producer croma 0.2.0; exported 2026-08-10,external,Croma 0.3.0 PathoROB panel,https://arxiv.org/abs/2607.25497
camelyon,gigapath,test/croma_median,0.008716,,Croma 0.3.0 results/camelyon.csv; producer croma 0.2.0; exported 2026-08-10,external,Croma 0.3.0 PathoROB panel,https://arxiv.org/abs/2607.25497
camelyon,gigapath,test/croma_f0,0.469559,,Croma 0.3.0 results/camelyon.csv; producer croma 0.2.0; exported 2026-08-10,external,Croma 0.3.0 PathoROB panel,https://arxiv.org/abs/2607.25497
camelyon,gigapath,test/croma_ltm10,-0.189746,,Croma 0.3.0 results/camelyon.csv; producer croma 0.2.0; exported 2026-08-10,external,Croma 0.3.0 PathoROB panel,https://arxiv.org/abs/2607.25497
camelyon,uni,test/croma_median,-0.033606,,Croma 0.3.0 results/camelyon.csv; producer croma 0.2.0; exported 2026-08-10,external,Croma 0.3.0 PathoROB panel,https://arxiv.org/abs/2607.25497
camelyon,uni,test/croma_f0,0.651324,,Croma 0.3.0 results/camelyon.csv; producer croma 0.2.0; exported 2026-08-10,external,Croma 0.3.0 PathoROB panel,https://arxiv.org/abs/2607.25497
camelyon,uni,test/croma_ltm10,-0.216723,,Croma 0.3.0 results/camelyon.csv; producer croma 0.2.0; exported 2026-08-10,external,Croma 0.3.0 PathoROB panel,https://arxiv.org/abs/2607.25497
camelyon,hibou-b,test/croma_median,-0.08888,,Croma 0.3.0 results/camelyon.csv; producer croma 0.2.0; exported 2026-08-10,external,Croma 0.3.0 PathoROB panel,https://arxiv.org/abs/2607.25497
camelyon,hibou-b,test/croma_f0,0.73701,,Croma 0.3.0 results/camelyon.csv; producer croma 0.2.0; exported 2026-08-10,external,Croma 0.3.0 PathoROB panel,https://arxiv.org/abs/2607.25497
camelyon,hibou-b,test/croma_ltm10,-0.362641,,Croma 0.3.0 results/camelyon.csv; producer croma 0.2.0; exported 2026-08-10,external,Croma 0.3.0 PathoROB panel,https://arxiv.org/abs/2607.25497
camelyon,gpfm,test/croma_median,-0.103798,,Croma 0.3.0 results/camelyon.csv; producer croma 0.2.0; exported 2026-08-10,external,Croma 0.3.0 PathoROB panel,https://arxiv.org/abs/2607.25497
camelyon,gpfm,test/croma_f0,0.75299,,Croma 0.3.0 results/camelyon.csv; producer croma 0.2.0; exported 2026-08-10,external,Croma 0.3.0 PathoROB panel,https://arxiv.org/abs/2607.25497
camelyon,gpfm,test/croma_ltm10,-0.360927,,Croma 0.3.0 results/camelyon.csv; producer croma 0.2.0; exported 2026-08-10,external,Croma 0.3.0 PathoROB panel,https://arxiv.org/abs/2607.25497
camelyon,phikon,test/croma_median,-0.195859,,Croma 0.3.0 results/camelyon.csv; producer croma 0.2.0; exported 2026-08-10,external,Croma 0.3.0 PathoROB panel,https://arxiv.org/abs/2607.25497
camelyon,phikon,test/croma_f0,0.905392,,Croma 0.3.0 results/camelyon.csv; producer croma 0.2.0; exported 2026-08-10,external,Croma 0.3.0 PathoROB panel,https://arxiv.org/abs/2607.25497
camelyon,phikon,test/croma_ltm10,-0.475639,,Croma 0.3.0 results/camelyon.csv; producer croma 0.2.0; exported 2026-08-10,external,Croma 0.3.0 PathoROB panel,https://arxiv.org/abs/2607.25497
camelyon,phikonv2,test/croma_median,-0.208367,,Croma 0.3.0 results/camelyon.csv; producer croma 0.2.0; exported 2026-08-10,external,Croma 0.3.0 PathoROB panel,https://arxiv.org/abs/2607.25497
camelyon,phikonv2,test/croma_f0,0.931912,,Croma 0.3.0 results/camelyon.csv; producer croma 0.2.0; exported 2026-08-10,external,Croma 0.3.0 PathoROB panel,https://arxiv.org/abs/2607.25497
camelyon,phikonv2,test/croma_ltm10,-0.495715,,Croma 0.3.0 results/camelyon.csv; producer croma 0.2.0; exported 2026-08-10,external,Croma 0.3.0 PathoROB panel,https://arxiv.org/abs/2607.25497
camelyon,prost40m,test/croma_median,-0.318259,,Croma 0.3.0 results/camelyon.csv; producer croma 0.2.0; exported 2026-08-10,external,Croma 0.3.0 PathoROB panel,https://arxiv.org/abs/2607.25497
camelyon,prost40m,test/croma_f0,0.922255,,Croma 0.3.0 results/camelyon.csv; producer croma 0.2.0; exported 2026-08-10,external,Croma 0.3.0 PathoROB panel,https://arxiv.org/abs/2607.25497
camelyon,prost40m,test/croma_ltm10,-0.640159,,Croma 0.3.0 results/camelyon.csv; producer croma 0.2.0; exported 2026-08-10,external,Croma 0.3.0 PathoROB panel,https://arxiv.org/abs/2607.25497
camelyon,hibou-l,test/croma_median,-0.442615,,Croma 0.3.0 results/camelyon.csv; producer croma 0.2.0; exported 2026-08-10,external,Croma 0.3.0 PathoROB panel,https://arxiv.org/abs/2607.25497
camelyon,hibou-l,test/croma_f0,0.992696,,Croma 0.3.0 results/camelyon.csv; producer croma 0.2.0; exported 2026-08-10,external,Croma 0.3.0 PathoROB panel,https://arxiv.org/abs/2607.25497
camelyon,hibou-l,test/croma_ltm10,-0.658709,,Croma 0.3.0 results/camelyon.csv; producer croma 0.2.0; exported 2026-08-10,external,Croma 0.3.0 PathoROB panel,https://arxiv.org/abs/2607.25497
tcga-4x4,midnight,test/croma_median,0.39625,,Croma 0.3.0 results/tcga-4x4.csv; producer croma 0.2.0; exported 2026-08-10,external,Croma 0.3.0 PathoROB panel,https://arxiv.org/abs/2607.25497
tcga-4x4,midnight,test/croma_f0,0.140104,,Croma 0.3.0 results/tcga-4x4.csv; producer croma 0.2.0; exported 2026-08-10,external,Croma 0.3.0 PathoROB panel,https://arxiv.org/abs/2607.25497
tcga-4x4,midnight,test/croma_ltm10,-0.209537,,Croma 0.3.0 results/tcga-4x4.csv; producer croma 0.2.0; exported 2026-08-10,external,Croma 0.3.0 PathoROB panel,https://arxiv.org/abs/2607.25497
tcga-4x4,mascaret,test/croma_median,0.270097,,Croma 0.3.0 results/tcga-4x4.csv; producer croma 0.2.0; exported 2026-08-10,external,Croma 0.3.0 PathoROB panel,https://arxiv.org/abs/2607.25497
tcga-4x4,mascaret,test/croma_f0,0.11875,,Croma 0.3.0 results/tcga-4x4.csv; producer croma 0.2.0; exported 2026-08-10,external,Croma 0.3.0 PathoROB panel,https://arxiv.org/abs/2607.25497
tcga-4x4,mascaret,test/croma_ltm10,-0.108882,,Croma 0.3.0 results/tcga-4x4.csv; producer croma 0.2.0; exported 2026-08-10,external,Croma 0.3.0 PathoROB panel,https://arxiv.org/abs/2607.25497
tcga-4x4,rudolfv2-s,test/croma_median,0.192036,,Croma 0.3.0 results/tcga-4x4.csv; producer croma 0.2.0; exported 2026-08-10,external,Croma 0.3.0 PathoROB panel,https://arxiv.org/abs/2607.25497
tcga-4x4,rudolfv2-s,test/croma_f0,0.18941,,Croma 0.3.0 results/tcga-4x4.csv; producer croma 0.2.0; exported 2026-08-10,external,Croma 0.3.0 PathoROB panel,https://arxiv.org/abs/2607.25497
tcga-4x4,rudolfv2-s,test/croma_ltm10,-0.162947,,Croma 0.3.0 results/tcga-4x4.csv; producer croma 0.2.0; exported 2026-08-10,external,Croma 0.3.0 PathoROB panel,https://arxiv.org/abs/2607.25497
tcga-4x4,rudolfv2-b,test/croma_median,0.168734,,Croma 0.3.0 results/tcga-4x4.csv; producer croma 0.2.0; exported 2026-08-10,external,Croma 0.3.0 PathoROB panel,https://arxiv.org/abs/2607.25497
tcga-4x4,rudolfv2-b,test/croma_f0,0.188021,,Croma 0.3.0 results/tcga-4x4.csv; producer croma 0.2.0; exported 2026-08-10,external,Croma 0.3.0 PathoROB panel,https://arxiv.org/abs/2607.25497
tcga-4x4,rudolfv2-b,test/croma_ltm10,-0.136771,,Croma 0.3.0 results/tcga-4x4.csv; producer croma 0.2.0; exported 2026-08-10,external,Croma 0.3.0 PathoROB panel,https://arxiv.org/abs/2607.25497
tcga-4x4,rudolfv2,test/croma_median,0.168454,,Croma 0.3.0 results/tcga-4x4.csv; producer croma 0.2.0; exported 2026-08-10,external,Croma 0.3.0 PathoROB panel,https://arxiv.org/abs/2607.25497
tcga-4x4,rudolfv2,test/croma_f0,0.176562,,Croma 0.3.0 results/tcga-4x4.csv; producer croma 0.2.0; exported 2026-08-10,external,Croma 0.3.0 PathoROB panel,https://arxiv.org/abs/2607.25497
tcga-4x4,rudolfv2,test/croma_ltm10,-0.124499,,Croma 0.3.0 results/tcga-4x4.csv; producer croma 0.2.0; exported 2026-08-10,external,Croma 0.3.0 PathoROB panel,https://arxiv.org/abs/2607.25497
tcga-4x4,genbio-pathfm,test/croma_median,0.155303,,Croma 0.3.0 results/tcga-4x4.csv; producer croma 0.2.0; exported 2026-08-10,external,Croma 0.3.0 PathoROB panel,https://arxiv.org/abs/2607.25497
tcga-4x4,genbio-pathfm,test/croma_f0,0.242014,,Croma 0.3.0 results/tcga-4x4.csv; producer croma 0.2.0; exported 2026-08-10,external,Croma 0.3.0 PathoROB panel,https://arxiv.org/abs/2607.25497
tcga-4x4,genbio-pathfm,test/croma_ltm10,-0.193056,,Croma 0.3.0 results/tcga-4x4.csv; producer croma 0.2.0; exported 2026-08-10,external,Croma 0.3.0 PathoROB panel,https://arxiv.org/abs/2607.25497
tcga-4x4,conchv15,test/croma_median,0.153,,Croma 0.3.0 results/tcga-4x4.csv; producer croma 0.2.0; exported 2026-08-10,external,Croma 0.3.0 PathoROB panel,https://arxiv.org/abs/2607.25497
tcga-4x4,conchv15,test/croma_f0,0.193056,,Croma 0.3.0 results/tcga-4x4.csv; producer croma 0.2.0; exported 2026-08-10,external,Croma 0.3.0 PathoROB panel,https://arxiv.org/abs/2607.25497
tcga-4x4,conchv15,test/croma_ltm10,-0.130181,,Croma 0.3.0 results/tcga-4x4.csv; producer croma 0.2.0; exported 2026-08-10,external,Croma 0.3.0 PathoROB panel,https://arxiv.org/abs/2607.25497
tcga-4x4,conch,test/croma_median,0.146449,,Croma 0.3.0 results/tcga-4x4.csv; producer croma 0.2.0; exported 2026-08-10,external,Croma 0.3.0 PathoROB panel,https://arxiv.org/abs/2607.25497
tcga-4x4,conch,test/croma_f0,0.215799,,Croma 0.3.0 results/tcga-4x4.csv; producer croma 0.2.0; exported 2026-08-10,external,Croma 0.3.0 PathoROB panel,https://arxiv.org/abs/2607.25497
tcga-4x4,conch,test/croma_ltm10,-0.152306,,Croma 0.3.0 results/tcga-4x4.csv; producer croma 0.2.0; exported 2026-08-10,external,Croma 0.3.0 PathoROB panel,https://arxiv.org/abs/2607.25497
tcga-4x4,virchow2,test/croma_median,0.127733,,Croma 0.3.0 results/tcga-4x4.csv; producer croma 0.2.0; exported 2026-08-10,external,Croma 0.3.0 PathoROB panel,https://arxiv.org/abs/2607.25497
tcga-4x4,virchow2,test/croma_f0,0.23941,,Croma 0.3.0 results/tcga-4x4.csv; producer croma 0.2.0; exported 2026-08-10,external,Croma 0.3.0 PathoROB panel,https://arxiv.org/abs/2607.25497
tcga-4x4,virchow2,test/croma_ltm10,-0.16983,,Croma 0.3.0 results/tcga-4x4.csv; producer croma 0.2.0; exported 2026-08-10,external,Croma 0.3.0 PathoROB panel,https://arxiv.org/abs/2607.25497
tcga-4x4,h0-mini,test/croma_median,0.121174,,Croma 0.3.0 results/tcga-4x4.csv; producer croma 0.2.0; exported 2026-08-10,external,Croma 0.3.0 PathoROB panel,https://arxiv.org/abs/2607.25497
tcga-4x4,h0-mini,test/croma_f0,0.256597,,Croma 0.3.0 results/tcga-4x4.csv; producer croma 0.2.0; exported 2026-08-10,external,Croma 0.3.0 PathoROB panel,https://arxiv.org/abs/2607.25497
tcga-4x4,h0-mini,test/croma_ltm10,-0.187502,,Croma 0.3.0 results/tcga-4x4.csv; producer croma 0.2.0; exported 2026-08-10,external,Croma 0.3.0 PathoROB panel,https://arxiv.org/abs/2607.25497
tcga-4x4,virchow,test/croma_median,0.091945,,Croma 0.3.0 results/tcga-4x4.csv; producer croma 0.2.0; exported 2026-08-10,external,Croma 0.3.0 PathoROB panel,https://arxiv.org/abs/2607.25497
tcga-4x4,virchow,test/croma_f0,0.301042,,Croma 0.3.0 results/tcga-4x4.csv; producer croma 0.2.0; exported 2026-08-10,external,Croma 0.3.0 PathoROB panel,https://arxiv.org/abs/2607.25497
tcga-4x4,virchow,test/croma_ltm10,-0.18028,,Croma 0.3.0 results/tcga-4x4.csv; producer croma 0.2.0; exported 2026-08-10,external,Croma 0.3.0 PathoROB panel,https://arxiv.org/abs/2607.25497
tcga-4x4,h-optimus-1,test/croma_median,0.087942,,Croma 0.3.0 results/tcga-4x4.csv; producer croma 0.2.0; exported 2026-08-10,external,Croma 0.3.0 PathoROB panel,https://arxiv.org/abs/2607.25497
tcga-4x4,h-optimus-1,test/croma_f0,0.220312,,Croma 0.3.0 results/tcga-4x4.csv; producer croma 0.2.0; exported 2026-08-10,external,Croma 0.3.0 PathoROB panel,https://arxiv.org/abs/2607.25497
tcga-4x4,h-optimus-1,test/croma_ltm10,-0.102952,,Croma 0.3.0 results/tcga-4x4.csv; producer croma 0.2.0; exported 2026-08-10,external,Croma 0.3.0 PathoROB panel,https://arxiv.org/abs/2607.25497
tcga-4x4,phaet,test/croma_median,0.081053,,Croma 0.3.0 results/tcga-4x4.csv; producer croma 0.2.0; exported 2026-08-10,external,Croma 0.3.0 PathoROB panel,https://arxiv.org/abs/2607.25497
tcga-4x4,phaet,test/croma_f0,0.253819,,Croma 0.3.0 results/tcga-4x4.csv; producer croma 0.2.0; exported 2026-08-10,external,Croma 0.3.0 PathoROB panel,https://arxiv.org/abs/2607.25497
tcga-4x4,phaet,test/croma_ltm10,-0.109854,,Croma 0.3.0 results/tcga-4x4.csv; producer croma 0.2.0; exported 2026-08-10,external,Croma 0.3.0 PathoROB panel,https://arxiv.org/abs/2607.25497
tcga-4x4,uni2,test/croma_median,0.074676,,Croma 0.3.0 results/tcga-4x4.csv; producer croma 0.2.0; exported 2026-08-10,external,Croma 0.3.0 PathoROB panel,https://arxiv.org/abs/2607.25497
tcga-4x4,uni2,test/croma_f0,0.264583,,Croma 0.3.0 results/tcga-4x4.csv; producer croma 0.2.0; exported 2026-08-10,external,Croma 0.3.0 PathoROB panel,https://arxiv.org/abs/2607.25497
tcga-4x4,uni2,test/croma_ltm10,-0.122791,,Croma 0.3.0 results/tcga-4x4.csv; producer croma 0.2.0; exported 2026-08-10,external,Croma 0.3.0 PathoROB panel,https://arxiv.org/abs/2607.25497
tcga-4x4,mstar,test/croma_median,0.059359,,Croma 0.3.0 results/tcga-4x4.csv; producer croma 0.2.0; exported 2026-08-10,external,Croma 0.3.0 PathoROB panel,https://arxiv.org/abs/2607.25497
tcga-4x4,mstar,test/croma_f0,0.29809,,Croma 0.3.0 results/tcga-4x4.csv; producer croma 0.2.0; exported 2026-08-10,external,Croma 0.3.0 PathoROB panel,https://arxiv.org/abs/2607.25497
tcga-4x4,mstar,test/croma_ltm10,-0.123725,,Croma 0.3.0 results/tcga-4x4.csv; producer croma 0.2.0; exported 2026-08-10,external,Croma 0.3.0 PathoROB panel,https://arxiv.org/abs/2607.25497
tcga-4x4,h-optimus-0,test/croma_median,0.054147,,Croma 0.3.0 results/tcga-4x4.csv; producer croma 0.2.0; exported 2026-08-10,external,Croma 0.3.0 PathoROB panel,https://arxiv.org/abs/2607.25497
tcga-4x4,h-optimus-0,test/croma_f0,0.286979,,Croma 0.3.0 results/tcga-4x4.csv; producer croma 0.2.0; exported 2026-08-10,external,Croma 0.3.0 PathoROB panel,https://arxiv.org/abs/2607.25497
tcga-4x4,h-optimus-0,test/croma_ltm10,-0.111252,,Croma 0.3.0 results/tcga-4x4.csv; producer croma 0.2.0; exported 2026-08-10,external,Croma 0.3.0 PathoROB panel,https://arxiv.org/abs/2607.25497
tcga-4x4,musk,test/croma_median,0.051041,,Croma 0.3.0 results/tcga-4x4.csv; producer croma 0.2.0; exported 2026-08-10,external,Croma 0.3.0 PathoROB panel,https://arxiv.org/abs/2607.25497
tcga-4x4,musk,test/croma_f0,0.331944,,Croma 0.3.0 results/tcga-4x4.csv; producer croma 0.2.0; exported 2026-08-10,external,Croma 0.3.0 PathoROB panel,https://arxiv.org/abs/2607.25497
tcga-4x4,musk,test/croma_ltm10,-0.139797,,Croma 0.3.0 results/tcga-4x4.csv; producer croma 0.2.0; exported 2026-08-10,external,Croma 0.3.0 PathoROB panel,https://arxiv.org/abs/2607.25497
tcga-4x4,gigapath,test/croma_median,0.050971,,Croma 0.3.0 results/tcga-4x4.csv; producer croma 0.2.0; exported 2026-08-10,external,Croma 0.3.0 PathoROB panel,https://arxiv.org/abs/2607.25497
tcga-4x4,gigapath,test/croma_f0,0.307812,,Croma 0.3.0 results/tcga-4x4.csv; producer croma 0.2.0; exported 2026-08-10,external,Croma 0.3.0 PathoROB panel,https://arxiv.org/abs/2607.25497
tcga-4x4,gigapath,test/croma_ltm10,-0.150908,,Croma 0.3.0 results/tcga-4x4.csv; producer croma 0.2.0; exported 2026-08-10,external,Croma 0.3.0 PathoROB panel,https://arxiv.org/abs/2607.25497
tcga-4x4,uni,test/croma_median,0.047437,,Croma 0.3.0 results/tcga-4x4.csv; producer croma 0.2.0; exported 2026-08-10,external,Croma 0.3.0 PathoROB panel,https://arxiv.org/abs/2607.25497
tcga-4x4,uni,test/croma_f0,0.319618,,Croma 0.3.0 results/tcga-4x4.csv; producer croma 0.2.0; exported 2026-08-10,external,Croma 0.3.0 PathoROB panel,https://arxiv.org/abs/2607.25497
tcga-4x4,uni,test/croma_ltm10,-0.120443,,Croma 0.3.0 results/tcga-4x4.csv; producer croma 0.2.0; exported 2026-08-10,external,Croma 0.3.0 PathoROB panel,https://arxiv.org/abs/2607.25497
tcga-4x4,hibou-l,test/croma_median,0.038857,,Croma 0.3.0 results/tcga-4x4.csv; producer croma 0.2.0; exported 2026-08-10,external,Croma 0.3.0 PathoROB panel,https://arxiv.org/abs/2607.25497
tcga-4x4,hibou-l,test/croma_f0,0.404688,,Croma 0.3.0 results/tcga-4x4.csv; producer croma 0.2.0; exported 2026-08-10,external,Croma 0.3.0 PathoROB panel,https://arxiv.org/abs/2607.25497
tcga-4x4,hibou-l,test/croma_ltm10,-0.252461,,Croma 0.3.0 results/tcga-4x4.csv; producer croma 0.2.0; exported 2026-08-10,external,Croma 0.3.0 PathoROB panel,https://arxiv.org/abs/2607.25497
tcga-4x4,gpfm,test/croma_median,0.037264,,Croma 0.3.0 results/tcga-4x4.csv; producer croma 0.2.0; exported 2026-08-10,external,Croma 0.3.0 PathoROB panel,https://arxiv.org/abs/2607.25497
tcga-4x4,gpfm,test/croma_f0,0.386632,,Croma 0.3.0 results/tcga-4x4.csv; producer croma 0.2.0; exported 2026-08-10,external,Croma 0.3.0 PathoROB panel,https://arxiv.org/abs/2607.25497
tcga-4x4,gpfm,test/croma_ltm10,-0.153427,,Croma 0.3.0 results/tcga-4x4.csv; producer croma 0.2.0; exported 2026-08-10,external,Croma 0.3.0 PathoROB panel,https://arxiv.org/abs/2607.25497
tcga-4x4,phikon,test/croma_median,0.036341,,Croma 0.3.0 results/tcga-4x4.csv; producer croma 0.2.0; exported 2026-08-10,external,Croma 0.3.0 PathoROB panel,https://arxiv.org/abs/2607.25497
tcga-4x4,phikon,test/croma_f0,0.396181,,Croma 0.3.0 results/tcga-4x4.csv; producer croma 0.2.0; exported 2026-08-10,external,Croma 0.3.0 PathoROB panel,https://arxiv.org/abs/2607.25497
tcga-4x4,phikon,test/croma_ltm10,-0.199564,,Croma 0.3.0 results/tcga-4x4.csv; producer croma 0.2.0; exported 2026-08-10,external,Croma 0.3.0 PathoROB panel,https://arxiv.org/abs/2607.25497
tcga-4x4,hibou-b,test/croma_median,0.036312,,Croma 0.3.0 results/tcga-4x4.csv; producer croma 0.2.0; exported 2026-08-10,external,Croma 0.3.0 PathoROB panel,https://arxiv.org/abs/2607.25497
tcga-4x4,hibou-b,test/croma_f0,0.386979,,Croma 0.3.0 results/tcga-4x4.csv; producer croma 0.2.0; exported 2026-08-10,external,Croma 0.3.0 PathoROB panel,https://arxiv.org/abs/2607.25497
tcga-4x4,hibou-b,test/croma_ltm10,-0.176935,,Croma 0.3.0 results/tcga-4x4.csv; producer croma 0.2.0; exported 2026-08-10,external,Croma 0.3.0 PathoROB panel,https://arxiv.org/abs/2607.25497
tcga-4x4,phikonv2,test/croma_median,0.028642,,Croma 0.3.0 results/tcga-4x4.csv; producer croma 0.2.0; exported 2026-08-10,external,Croma 0.3.0 PathoROB panel,https://arxiv.org/abs/2607.25497
tcga-4x4,phikonv2,test/croma_f0,0.409028,,Croma 0.3.0 results/tcga-4x4.csv; producer croma 0.2.0; exported 2026-08-10,external,Croma 0.3.0 PathoROB panel,https://arxiv.org/abs/2607.25497
tcga-4x4,phikonv2,test/croma_ltm10,-0.187347,,Croma 0.3.0 results/tcga-4x4.csv; producer croma 0.2.0; exported 2026-08-10,external,Croma 0.3.0 PathoROB panel,https://arxiv.org/abs/2607.25497
tcga-4x4,dinov2-vitb14,test/croma_median,0.006134,,Croma 0.3.0 results/tcga-4x4.csv; producer croma 0.2.0; exported 2026-08-10,external,Croma 0.3.0 PathoROB panel,https://arxiv.org/abs/2607.25497
tcga-4x4,dinov2-vitb14,test/croma_f0,0.468403,,Croma 0.3.0 results/tcga-4x4.csv; producer croma 0.2.0; exported 2026-08-10,external,Croma 0.3.0 PathoROB panel,https://arxiv.org/abs/2607.25497
tcga-4x4,dinov2-vitb14,test/croma_ltm10,-0.12165,,Croma 0.3.0 results/tcga-4x4.csv; producer croma 0.2.0; exported 2026-08-10,external,Croma 0.3.0 PathoROB panel,https://arxiv.org/abs/2607.25497
tcga-4x4,prost40m,test/croma_median,-0.010431,,Croma 0.3.0 results/tcga-4x4.csv; producer croma 0.2.0; exported 2026-08-10,external,Croma 0.3.0 PathoROB panel,https://arxiv.org/abs/2607.25497
tcga-4x4,prost40m,test/croma_f0,0.527778,,Croma 0.3.0 results/tcga-4x4.csv; producer croma 0.2.0; exported 2026-08-10,external,Croma 0.3.0 PathoROB panel,https://arxiv.org/abs/2607.25497
tcga-4x4,prost40m,test/croma_ltm10,-0.249573,,Croma 0.3.0 results/tcga-4x4.csv; producer croma 0.2.0; exported 2026-08-10,external,Croma 0.3.0 PathoROB panel,https://arxiv.org/abs/2607.25497
tolkach-esca,midnight,test/croma_median,0.584276,,Croma 0.3.0 results/tolkach-esca.csv; producer croma 0.2.0; exported 2026-08-10,external,Croma 0.3.0 PathoROB panel,https://arxiv.org/abs/2607.25497
tolkach-esca,midnight,test/croma_f0,0.051111,,Croma 0.3.0 results/tolkach-esca.csv; producer croma 0.2.0; exported 2026-08-10,external,Croma 0.3.0 PathoROB panel,https://arxiv.org/abs/2607.25497
tolkach-esca,midnight,test/croma_ltm10,-0.082797,,Croma 0.3.0 results/tolkach-esca.csv; producer croma 0.2.0; exported 2026-08-10,external,Croma 0.3.0 PathoROB panel,https://arxiv.org/abs/2607.25497
tolkach-esca,mascaret,test/croma_median,0.507294,,Croma 0.3.0 results/tolkach-esca.csv; producer croma 0.2.0; exported 2026-08-10,external,Croma 0.3.0 PathoROB panel,https://arxiv.org/abs/2607.25497
tolkach-esca,mascaret,test/croma_f0,0.029778,,Croma 0.3.0 results/tolkach-esca.csv; producer croma 0.2.0; exported 2026-08-10,external,Croma 0.3.0 PathoROB panel,https://arxiv.org/abs/2607.25497
tolkach-esca,mascaret,test/croma_ltm10,0.009418,,Croma 0.3.0 results/tolkach-esca.csv; producer croma 0.2.0; exported 2026-08-10,external,Croma 0.3.0 PathoROB panel,https://arxiv.org/abs/2607.25497
tolkach-esca,rudolfv2-s,test/croma_median,0.485488,,Croma 0.3.0 results/tolkach-esca.csv; producer croma 0.2.0; exported 2026-08-10,external,Croma 0.3.0 PathoROB panel,https://arxiv.org/abs/2607.25497
tolkach-esca,rudolfv2-s,test/croma_f0,0.031889,,Croma 0.3.0 results/tolkach-esca.csv; producer croma 0.2.0; exported 2026-08-10,external,Croma 0.3.0 PathoROB panel,https://arxiv.org/abs/2607.25497
tolkach-esca,rudolfv2-s,test/croma_ltm10,-0.002917,,Croma 0.3.0 results/tolkach-esca.csv; producer croma 0.2.0; exported 2026-08-10,external,Croma 0.3.0 PathoROB panel,https://arxiv.org/abs/2607.25497
tolkach-esca,conch,test/croma_median,0.439051,,Croma 0.3.0 results/tolkach-esca.csv; producer croma 0.2.0; exported 2026-08-10,external,Croma 0.3.0 PathoROB panel,https://arxiv.org/abs/2607.25497
tolkach-esca,conch,test/croma_f0,0.045111,,Croma 0.3.0 results/tolkach-esca.csv; producer croma 0.2.0; exported 2026-08-10,external,Croma 0.3.0 PathoROB panel,https://arxiv.org/abs/2607.25497
tolkach-esca,conch,test/croma_ltm10,-0.041023,,Croma 0.3.0 results/tolkach-esca.csv; producer croma 0.2.0; exported 2026-08-10,external,Croma 0.3.0 PathoROB panel,https://arxiv.org/abs/2607.25497
tolkach-esca,rudolfv2,test/croma_median,0.41209,,Croma 0.3.0 results/tolkach-esca.csv; producer croma 0.2.0; exported 2026-08-10,external,Croma 0.3.0 PathoROB panel,https://arxiv.org/abs/2607.25497
tolkach-esca,rudolfv2,test/croma_f0,0.031556,,Croma 0.3.0 results/tolkach-esca.csv; producer croma 0.2.0; exported 2026-08-10,external,Croma 0.3.0 PathoROB panel,https://arxiv.org/abs/2607.25497
tolkach-esca,rudolfv2,test/croma_ltm10,-0.010655,,Croma 0.3.0 results/tolkach-esca.csv; producer croma 0.2.0; exported 2026-08-10,external,Croma 0.3.0 PathoROB panel,https://arxiv.org/abs/2607.25497
tolkach-esca,rudolfv2-b,test/croma_median,0.407032,,Croma 0.3.0 results/tolkach-esca.csv; producer croma 0.2.0; exported 2026-08-10,external,Croma 0.3.0 PathoROB panel,https://arxiv.org/abs/2607.25497
tolkach-esca,rudolfv2-b,test/croma_f0,0.036111,,Croma 0.3.0 results/tolkach-esca.csv; producer croma 0.2.0; exported 2026-08-10,external,Croma 0.3.0 PathoROB panel,https://arxiv.org/abs/2607.25497
tolkach-esca,rudolfv2-b,test/croma_ltm10,-0.02373,,Croma 0.3.0 results/tolkach-esca.csv; producer croma 0.2.0; exported 2026-08-10,external,Croma 0.3.0 PathoROB panel,https://arxiv.org/abs/2607.25497
tolkach-esca,conchv15,test/croma_median,0.391815,,Croma 0.3.0 results/tolkach-esca.csv; producer croma 0.2.0; exported 2026-08-10,external,Croma 0.3.0 PathoROB panel,https://arxiv.org/abs/2607.25497
tolkach-esca,conchv15,test/croma_f0,0.042778,,Croma 0.3.0 results/tolkach-esca.csv; producer croma 0.2.0; exported 2026-08-10,external,Croma 0.3.0 PathoROB panel,https://arxiv.org/abs/2607.25497
tolkach-esca,conchv15,test/croma_ltm10,-0.028501,,Croma 0.3.0 results/tolkach-esca.csv; producer croma 0.2.0; exported 2026-08-10,external,Croma 0.3.0 PathoROB panel,https://arxiv.org/abs/2607.25497
tolkach-esca,genbio-pathfm,test/croma_median,0.390048,,Croma 0.3.0 results/tolkach-esca.csv; producer croma 0.2.0; exported 2026-08-10,external,Croma 0.3.0 PathoROB panel,https://arxiv.org/abs/2607.25497
tolkach-esca,genbio-pathfm,test/croma_f0,0.038444,,Croma 0.3.0 results/tolkach-esca.csv; producer croma 0.2.0; exported 2026-08-10,external,Croma 0.3.0 PathoROB panel,https://arxiv.org/abs/2607.25497
tolkach-esca,genbio-pathfm,test/croma_ltm10,-0.021756,,Croma 0.3.0 results/tolkach-esca.csv; producer croma 0.2.0; exported 2026-08-10,external,Croma 0.3.0 PathoROB panel,https://arxiv.org/abs/2607.25497
tolkach-esca,h0-mini,test/croma_median,0.379595,,Croma 0.3.0 results/tolkach-esca.csv; producer croma 0.2.0; exported 2026-08-10,external,Croma 0.3.0 PathoROB panel,https://arxiv.org/abs/2607.25497
tolkach-esca,h0-mini,test/croma_f0,0.057556,,Croma 0.3.0 results/tolkach-esca.csv; producer croma 0.2.0; exported 2026-08-10,external,Croma 0.3.0 PathoROB panel,https://arxiv.org/abs/2607.25497
tolkach-esca,h0-mini,test/croma_ltm10,-0.07355,,Croma 0.3.0 results/tolkach-esca.csv; producer croma 0.2.0; exported 2026-08-10,external,Croma 0.3.0 PathoROB panel,https://arxiv.org/abs/2607.25497
tolkach-esca,virchow,test/croma_median,0.370721,,Croma 0.3.0 results/tolkach-esca.csv; producer croma 0.2.0; exported 2026-08-10,external,Croma 0.3.0 PathoROB panel,https://arxiv.org/abs/2607.25497
tolkach-esca,virchow,test/croma_f0,0.052889,,Croma 0.3.0 results/tolkach-esca.csv; producer croma 0.2.0; exported 2026-08-10,external,Croma 0.3.0 PathoROB panel,https://arxiv.org/abs/2607.25497
tolkach-esca,virchow,test/croma_ltm10,-0.054748,,Croma 0.3.0 results/tolkach-esca.csv; producer croma 0.2.0; exported 2026-08-10,external,Croma 0.3.0 PathoROB panel,https://arxiv.org/abs/2607.25497
tolkach-esca,virchow2,test/croma_median,0.350531,,Croma 0.3.0 results/tolkach-esca.csv; producer croma 0.2.0; exported 2026-08-10,external,Croma 0.3.0 PathoROB panel,https://arxiv.org/abs/2607.25497
tolkach-esca,virchow2,test/croma_f0,0.04,,Croma 0.3.0 results/tolkach-esca.csv; producer croma 0.2.0; exported 2026-08-10,external,Croma 0.3.0 PathoROB panel,https://arxiv.org/abs/2607.25497
tolkach-esca,virchow2,test/croma_ltm10,-0.036617,,Croma 0.3.0 results/tolkach-esca.csv; producer croma 0.2.0; exported 2026-08-10,external,Croma 0.3.0 PathoROB panel,https://arxiv.org/abs/2607.25497
tolkach-esca,musk,test/croma_median,0.293161,,Croma 0.3.0 results/tolkach-esca.csv; producer croma 0.2.0; exported 2026-08-10,external,Croma 0.3.0 PathoROB panel,https://arxiv.org/abs/2607.25497
tolkach-esca,musk,test/croma_f0,0.063111,,Croma 0.3.0 results/tolkach-esca.csv; producer croma 0.2.0; exported 2026-08-10,external,Croma 0.3.0 PathoROB panel,https://arxiv.org/abs/2607.25497
tolkach-esca,musk,test/croma_ltm10,-0.066361,,Croma 0.3.0 results/tolkach-esca.csv; producer croma 0.2.0; exported 2026-08-10,external,Croma 0.3.0 PathoROB panel,https://arxiv.org/abs/2607.25497
tolkach-esca,h-optimus-1,test/croma_median,0.260034,,Croma 0.3.0 results/tolkach-esca.csv; producer croma 0.2.0; exported 2026-08-10,external,Croma 0.3.0 PathoROB panel,https://arxiv.org/abs/2607.25497
tolkach-esca,h-optimus-1,test/croma_f0,0.049333,,Croma 0.3.0 results/tolkach-esca.csv; producer croma 0.2.0; exported 2026-08-10,external,Croma 0.3.0 PathoROB panel,https://arxiv.org/abs/2607.25497
tolkach-esca,h-optimus-1,test/croma_ltm10,-0.042204,,Croma 0.3.0 results/tolkach-esca.csv; producer croma 0.2.0; exported 2026-08-10,external,Croma 0.3.0 PathoROB panel,https://arxiv.org/abs/2607.25497
tolkach-esca,phaet,test/croma_median,0.249229,,Croma 0.3.0 results/tolkach-esca.csv; producer croma 0.2.0; exported 2026-08-10,external,Croma 0.3.0 PathoROB panel,https://arxiv.org/abs/2607.25497
tolkach-esca,phaet,test/croma_f0,0.049778,,Croma 0.3.0 results/tolkach-esca.csv; producer croma 0.2.0; exported 2026-08-10,external,Croma 0.3.0 PathoROB panel,https://arxiv.org/abs/2607.25497
tolkach-esca,phaet,test/croma_ltm10,-0.030056,,Croma 0.3.0 results/tolkach-esca.csv; producer croma 0.2.0; exported 2026-08-10,external,Croma 0.3.0 PathoROB panel,https://arxiv.org/abs/2607.25497
tolkach-esca,gpfm,test/croma_median,0.24064,,Croma 0.3.0 results/tolkach-esca.csv; producer croma 0.2.0; exported 2026-08-10,external,Croma 0.3.0 PathoROB panel,https://arxiv.org/abs/2607.25497
tolkach-esca,gpfm,test/croma_f0,0.095,,Croma 0.3.0 results/tolkach-esca.csv; producer croma 0.2.0; exported 2026-08-10,external,Croma 0.3.0 PathoROB panel,https://arxiv.org/abs/2607.25497
tolkach-esca,gpfm,test/croma_ltm10,-0.100249,,Croma 0.3.0 results/tolkach-esca.csv; producer croma 0.2.0; exported 2026-08-10,external,Croma 0.3.0 PathoROB panel,https://arxiv.org/abs/2607.25497
tolkach-esca,h-optimus-0,test/croma_median,0.231761,,Croma 0.3.0 results/tolkach-esca.csv; producer croma 0.2.0; exported 2026-08-10,external,Croma 0.3.0 PathoROB panel,https://arxiv.org/abs/2607.25497
tolkach-esca,h-optimus-0,test/croma_f0,0.075889,,Croma 0.3.0 results/tolkach-esca.csv; producer croma 0.2.0; exported 2026-08-10,external,Croma 0.3.0 PathoROB panel,https://arxiv.org/abs/2607.25497
tolkach-esca,h-optimus-0,test/croma_ltm10,-0.079889,,Croma 0.3.0 results/tolkach-esca.csv; producer croma 0.2.0; exported 2026-08-10,external,Croma 0.3.0 PathoROB panel,https://arxiv.org/abs/2607.25497
tolkach-esca,uni2,test/croma_median,0.22095,,Croma 0.3.0 results/tolkach-esca.csv; producer croma 0.2.0; exported 2026-08-10,external,Croma 0.3.0 PathoROB panel,https://arxiv.org/abs/2607.25497
tolkach-esca,uni2,test/croma_f0,0.063778,,Croma 0.3.0 results/tolkach-esca.csv; producer croma 0.2.0; exported 2026-08-10,external,Croma 0.3.0 PathoROB panel,https://arxiv.org/abs/2607.25497
tolkach-esca,uni2,test/croma_ltm10,-0.063268,,Croma 0.3.0 results/tolkach-esca.csv; producer croma 0.2.0; exported 2026-08-10,external,Croma 0.3.0 PathoROB panel,https://arxiv.org/abs/2607.25497
tolkach-esca,mstar,test/croma_median,0.186906,,Croma 0.3.0 results/tolkach-esca.csv; producer croma 0.2.0; exported 2026-08-10,external,Croma 0.3.0 PathoROB panel,https://arxiv.org/abs/2607.25497
tolkach-esca,mstar,test/croma_f0,0.087,,Croma 0.3.0 results/tolkach-esca.csv; producer croma 0.2.0; exported 2026-08-10,external,Croma 0.3.0 PathoROB panel,https://arxiv.org/abs/2607.25497
tolkach-esca,mstar,test/croma_ltm10,-0.088663,,Croma 0.3.0 results/tolkach-esca.csv; producer croma 0.2.0; exported 2026-08-10,external,Croma 0.3.0 PathoROB panel,https://arxiv.org/abs/2607.25497
tolkach-esca,dinov2-vitb14,test/croma_median,0.17537,,Croma 0.3.0 results/tolkach-esca.csv; producer croma 0.2.0; exported 2026-08-10,external,Croma 0.3.0 PathoROB panel,https://arxiv.org/abs/2607.25497
tolkach-esca,dinov2-vitb14,test/croma_f0,0.099,,Croma 0.3.0 results/tolkach-esca.csv; producer croma 0.2.0; exported 2026-08-10,external,Croma 0.3.0 PathoROB panel,https://arxiv.org/abs/2607.25497
tolkach-esca,dinov2-vitb14,test/croma_ltm10,-0.06865,,Croma 0.3.0 results/tolkach-esca.csv; producer croma 0.2.0; exported 2026-08-10,external,Croma 0.3.0 PathoROB panel,https://arxiv.org/abs/2607.25497
tolkach-esca,phikon,test/croma_median,0.174624,,Croma 0.3.0 results/tolkach-esca.csv; producer croma 0.2.0; exported 2026-08-10,external,Croma 0.3.0 PathoROB panel,https://arxiv.org/abs/2607.25497
tolkach-esca,phikon,test/croma_f0,0.178556,,Croma 0.3.0 results/tolkach-esca.csv; producer croma 0.2.0; exported 2026-08-10,external,Croma 0.3.0 PathoROB panel,https://arxiv.org/abs/2607.25497
tolkach-esca,phikon,test/croma_ltm10,-0.188369,,Croma 0.3.0 results/tolkach-esca.csv; producer croma 0.2.0; exported 2026-08-10,external,Croma 0.3.0 PathoROB panel,https://arxiv.org/abs/2607.25497
tolkach-esca,uni,test/croma_median,0.174556,,Croma 0.3.0 results/tolkach-esca.csv; producer croma 0.2.0; exported 2026-08-10,external,Croma 0.3.0 PathoROB panel,https://arxiv.org/abs/2607.25497
tolkach-esca,uni,test/croma_f0,0.085889,,Croma 0.3.0 results/tolkach-esca.csv; producer croma 0.2.0; exported 2026-08-10,external,Croma 0.3.0 PathoROB panel,https://arxiv.org/abs/2607.25497
tolkach-esca,uni,test/croma_ltm10,-0.080223,,Croma 0.3.0 results/tolkach-esca.csv; producer croma 0.2.0; exported 2026-08-10,external,Croma 0.3.0 PathoROB panel,https://arxiv.org/abs/2607.25497
tolkach-esca,hibou-b,test/croma_median,0.134126,,Croma 0.3.0 results/tolkach-esca.csv; producer croma 0.2.0; exported 2026-08-10,external,Croma 0.3.0 PathoROB panel,https://arxiv.org/abs/2607.25497
tolkach-esca,hibou-b,test/croma_f0,0.187889,,Croma 0.3.0 results/tolkach-esca.csv; producer croma 0.2.0; exported 2026-08-10,external,Croma 0.3.0 PathoROB panel,https://arxiv.org/abs/2607.25497
tolkach-esca,hibou-b,test/croma_ltm10,-0.167094,,Croma 0.3.0 results/tolkach-esca.csv; producer croma 0.2.0; exported 2026-08-10,external,Croma 0.3.0 PathoROB panel,https://arxiv.org/abs/2607.25497
tolkach-esca,gigapath,test/croma_median,0.131674,,Croma 0.3.0 results/tolkach-esca.csv; producer croma 0.2.0; exported 2026-08-10,external,Croma 0.3.0 PathoROB panel,https://arxiv.org/abs/2607.25497
tolkach-esca,gigapath,test/croma_f0,0.236444,,Croma 0.3.0 results/tolkach-esca.csv; producer croma 0.2.0; exported 2026-08-10,external,Croma 0.3.0 PathoROB panel,https://arxiv.org/abs/2607.25497
tolkach-esca,gigapath,test/croma_ltm10,-0.160433,,Croma 0.3.0 results/tolkach-esca.csv; producer croma 0.2.0; exported 2026-08-10,external,Croma 0.3.0 PathoROB panel,https://arxiv.org/abs/2607.25497
tolkach-esca,prost40m,test/croma_median,0.127058,,Croma 0.3.0 results/tolkach-esca.csv; producer croma 0.2.0; exported 2026-08-10,external,Croma 0.3.0 PathoROB panel,https://arxiv.org/abs/2607.25497
tolkach-esca,prost40m,test/croma_f0,0.277333,,Croma 0.3.0 results/tolkach-esca.csv; producer croma 0.2.0; exported 2026-08-10,external,Croma 0.3.0 PathoROB panel,https://arxiv.org/abs/2607.25497
tolkach-esca,prost40m,test/croma_ltm10,-0.235808,,Croma 0.3.0 results/tolkach-esca.csv; producer croma 0.2.0; exported 2026-08-10,external,Croma 0.3.0 PathoROB panel,https://arxiv.org/abs/2607.25497
tolkach-esca,phikonv2,test/croma_median,0.122124,,Croma 0.3.0 results/tolkach-esca.csv; producer croma 0.2.0; exported 2026-08-10,external,Croma 0.3.0 PathoROB panel,https://arxiv.org/abs/2607.25497
tolkach-esca,phikonv2,test/croma_f0,0.225111,,Croma 0.3.0 results/tolkach-esca.csv; producer croma 0.2.0; exported 2026-08-10,external,Croma 0.3.0 PathoROB panel,https://arxiv.org/abs/2607.25497
tolkach-esca,phikonv2,test/croma_ltm10,-0.174779,,Croma 0.3.0 results/tolkach-esca.csv; producer croma 0.2.0; exported 2026-08-10,external,Croma 0.3.0 PathoROB panel,https://arxiv.org/abs/2607.25497
tolkach-esca,hibou-l,test/croma_median,0.111268,,Croma 0.3.0 results/tolkach-esca.csv; producer croma 0.2.0; exported 2026-08-10,external,Croma 0.3.0 PathoROB panel,https://arxiv.org/abs/2607.25497
tolkach-esca,hibou-l,test/croma_f0,0.315111,,Croma 0.3.0 results/tolkach-esca.csv; producer croma 0.2.0; exported 2026-08-10,external,Croma 0.3.0 PathoROB panel,https://arxiv.org/abs/2607.25497
tolkach-esca,hibou-l,test/croma_ltm10,-0.290808,,Croma 0.3.0 results/tolkach-esca.csv; producer croma 0.2.0; exported 2026-08-10,external,Croma 0.3.0 PathoROB panel,https://arxiv.org/abs/2607.25497
